2iKeU7DIk9Rdyf4hc8vr,1
2PKeuzXhpxc8MU7HZyIW,1
5AWgucYh0Hr6K8tNBMQq,1
5UuSl3msMYk6Q7OiNHvR,1
68icCkFVRJK5UtxLOqIu,1
6tMgf5pGIsvHSn83WZyx,1
7MQb5VEYLiSBPt1GZgeJ,1
8iZw1cMaPBr4RJzxlFXH,1
8xoYOIE7Kf3htDGPbHA4,1
90jZFCThBQ8HKsDxzywY,1
9fBojynHeYEqz5rxiWbV,1
a4PmI3wsHL1OGKMNilon,1
aBDyrtRX3zb5mwhnuQN7,1
ahd8btPYH6uW7QkqesEB,1
aTfDJBX2PNZRIjUG1SKz,1
B9A2JOzhTNjDWperRvgc,1
bfRpQsFeqZN5BVrhkD6S,1
BL4IWnsa2AbXyoPHQ0kJ,1
c5gb2nqi78HDkARwKmXS,1
c7JueDyhL4zROKFE0AYm,1
cCNBg8MTira9eyZWLlsm,1
cSEgrupo7tj9hLIb54PX,1
CuxeASFn8t53UTNl7ZOm,1
cz1skHABMToFuLGvmDq3,1
dlSVoJMCzwnZxrt0ybUm,1
DpjU2bwfgiYRPQm5NCOc,1
DZpbRaEg4YIA69j7Wmot,1
Eeni9vHLuSa6lJOBVtyA,1
ELbIP3i6rgW41Rl9phnZ,1
em9MTZSzEYVA3sLFnoHb,1
Eropqy1nlFTeZJ09H2Af,1
ESBGyvZK8m1LjfMqtrIV,1
F9nT2NgCsbrhX8eqOp01,1
foMDRra3h1u8Q6SiXsYE,1
FrWpo1U80Ou9H3dlcq6x,1
FURh5Tif1jXCzZGqlHyN,1
G6RpHVm2BiA19FaktEl3,1
GmEAFpP5ZO0suwaNIeqx,1
gO0h7udtqs4yaXNQAUPM,1
Gq5fwFsb7cHlhy2zTO9I,1
Hz8NEvBRqL31AdfQgmFn,1
i6SI0yPxJMhlLORK7Qe5,1
IidxQvXrlBkWPZAfcqKT,1
Ik2JctT0d7BxoChuYREl,1
IWhovBx7FmlpzN0u4tCg,1
jKxs6EIpRPOWuef8XykS,1
k7Ie4EzhAbBjunGgy3fQ,1
K8zhErbvBDQ9FdYyT30R,1
KakdO56B2GhiC3szw7TI,1
kBoNGqDtARYyC6uz5V42,1
1T3m7BMCLXpu9JjyKH8R,2
1x2u5Ws7tzFRAgyqoJBV,2
3ym0zqOn8cWVLhx4ZGvJ,2
40aUfOCuXKwHTBvAMq35,2
4iNJaXWGlkyVroOfHMqg,2
4sLZAvlYX7yBctu3Pkdq,2
4UoAE5RzKCHVNrm2YQnI,2
56uDgcjXQJhVBpWSUFEP,2
6KYwD9A0nHtT2GmcVgES,2
6LmWsZA2e5dbfhR1SB4P,2
6uHKJ38Vs971CATn4azU,2
76k8OovtGLQ5xBJKuUHb,2
7aYpinlyB6x4IMFRd1fh,2
7pbVgdSnjUPTrwcR5GXu,2
81BI6Ky9bfr4CL3TUkFp,2
8QoDEdi6Yw2kUmzuNAcp,2
9gBVZNKoIPkFM8vOp45G,2
a5nMiy8gBFtpuGTxIv0W,2
AM9IXU1wJ5PHfNqoVyxa,2
ANrxlbe7tZT9zCJ1fVEv,2
BdgfJiVGChknbcSDUI4Q,2
BoYuGUEWrgiReVDLPAbq,2
bzwhHTXFGuAnCms7r2J0,2
cbLvyT5HKlrmDP60gE7W,2
CGBynzMig0KHdZuqfk8b,2
csXTGQtRjwAfxHIho25y,2
d4lM2k7aq1RwJuTpgO6X,2
DU2wypXWRjbvh4oAdOex,2
E0UuPpkYHzrZnSM6XbhC,2
e0Z7VP4EL1nlBH2haFo6,2
eKQW3oFCzAEyGumBlgh5,2
eU6LxAR3IJkmaP2CDfKj,2
eYMbKEvklTj9i6SC8D4G,2
FB7P8fucig2oslTCEept,2
FPZgCGuvUcwRXQ3YNH9b,2
FrQHSDf7tNREowYmchbg,2
GEprqj7xuTa8m629zQP3,2
Hn2koKsPizIVUq1bWL5g,2
Hp4J1c7MEvW03wufgTBi,2
HsZwBUFC37T9q4dc1Pkv,2
HwZeBiCNoxp1rRFKG7av,2
I0hLEDxSFoykrw9Me8Yq,2
InrbAZj9cgpitWdaUHVN,2
jcz5dACK0gLXsQkJNRp2,2
jDdg0PT2HAlk6qrbJKMi,2
JSrDQ3qkdHBws1KWoNM6,2
jTgsFer9LQikYJ5aXBZR,2
Jutod3lzAeqPDWVHRS5i,2
jzCaxOEMKRNd8V7qBmGi,2
kfgxDSAKF7tJqEwP4T10,2
2LeQVofH8Jl4da69AUxk,3
2TtDCQBqdnV314lNMxSk,3
6a9QCg870OIZxrEmqK2l,3
6oiK1LC8JYenZGc7kgs2,3
6vCzcIJSuGOTmDP2QVLF,3
72Zlb5dcIwWLsKfgqnPC,3
7cdWTzVjHIh1OMtn85fb,3
7MgbPSoCVYwTWBiF2lNx,3
894ejoK3q5aZurSAzUJs,3
8JL469XT7m3yEuCVIZxM,3
8uvPtcIkb9nRhqUGAzg5,3
9DVvn8GrbQRsJwXCWcSo,3
9qK7D5Rs6XAkGfvuICtZ,3
aGS0rWZK7vX8TNFUz9ci,3
axJPpKABZEFguIr8l9fS,3
B0wlyELesxRFXGKSpJrz,3
B5M1QJjfpUbcaG3kYX4m,3
Ci7rgxmGAh2uPSvJFjl3,3
cLqh1l9EpDBtdTGU3Zex,3
cqHlrY9oAVpyWMKJ8mOF,3
CZlaEYRNPz5BfcsLx6jh,3
D5Rb6TvCxzcwhUsF4J9A,3
D5rOGmu3ePpWqYX7bn6j,3
dA9ztZeivK5lagO17kJj,3
DAb2aGLnu9K71O5VStMi,3
Dbe0TMIG9gjHfv734XdL,3
dW4sDcJMQCVOEgFjxXU0,3
E7JvkZyTKF6fhWBUrosV,3
eM39XrI0GpTDhjSyQdx8,3
EsQSLYTmVKNxr56Z41R7,3
fgD5k647jbdSEWBZCQnh,3
fpz9MnLHRN0ZcByxkXAe,3
FvIYS1WO7BTpjMeH6UbK,3
ga3WqXeTNF519BCMGx2U,3
GeTocyt4jDP3OpSI2u5W,3
gPA06qVDSM1XILOKoG8R,3
gvhcKkI6twz5QeJ1BjEx,3
hdmGkzIWx89uo1T6PCXY,3
hLFrZkvCVugAjGlTcQ1n,3
HmyrPzn4LNuxQetUMlfK,3
i824AGVjzInbOBgtHZeQ,3
i965bg2xFhQCzfv7TZ3I,3
IDqzFwbkhjylEV35KGmv,3
Il2UB7RHQLoZTeiPWt0p,3
infCxsk45eNY6QbKt23u,3
ipnL25WtfDEumwS9hNkU,3
iY8OV2AcxubldjFhTBSp,3
J0rnxEdNDeRzHLbOa5Mq,3
JfHLpzI7Za8nXSy0lGjO,3
K2Qg0zhpUmc6xiYnlXZH,3
1bL4yiwCUvSOg7tBJudf,4
1FacC02JPfxSdXeD7MEw,4
3ekS6OIvjTVhQsgrqiHo,4
3nowFMmKJAkiNs8CaGVb,4
5JLHiDhkzyYPdTeuMqXb,4
5QvCJULkphcYGge78RNs,4
62rHUwVZ78GqfF5x1vnd,4
6d0uJ9rYK1FcjRimvVNt,4
6O8i5oRFAyhBQgZ9VKNw,4
6VNXsCD0lueo1nw3KO5M,4
7J4un8UNCgcPYmzsyxZI,4
7W4mwlHBPNdcFaViXsrD,4
8G30bR6M9dmVXziN1Fxs,4
9lHyVeXERtIaZcL4kWqM,4
alNJ9v5fdyO2QXruVFsp,4
aYvLmPcHznMh8w0uFDkA,4
BpAoClbIMLsxzWyPHOaJ,4
BSJOwazTVHixmLDZEuUn,4
by4dzJBQ76juNaUC2w9W,4
C3UeqDSpcyuTg0WsGvZR,4
cDRA2GdrqXYfoNaUMJg7,4
chVqtrzIORSJkCwu2KfQ,4
CxU4nQhjq7vPAYH2uOyr,4
DkyjfaKHbhTCYr0px2iQ,4
DR3eyfHBIJgK08krA1CT,4
EcRZsJXubnGd8eSImAWa,4
ekRZWI15vJCVP3iBYjld,4
ePCwhpaOtzJHT4QMBsXZ,4
ErbRWGIYgktQ1mf5Hw2u,4
ErlsfYCZaD0tuLjSo8GM,4
F8gCLZcH07qTkiBwpjlO,4
FfmsbQcv6V3rGdDLBNXM,4
FNAVfQgh4a6k3lUY5ZcK,4
fnHDty72dWwjkXgYqUPA,4
G54U96frYb2CLIOSpMyX,4
G9tcxvXL8sZAjU72zYOg,4
gGPBDhr24EI875LfTNXV,4
GLrQbRUluV0qzahkDEms,4
gP2lDJxn9mFV5U0dujbs,4
gRBocU81iGy75lemTdsa,4
GV7WShk4vjpiKqbEBgsr,4
hdJnQNkT6b4yDeVwaR3F,4
IDZd8YoXcfnmkEUjv5Ba,4
igyFEdlJtGwk8uT2rnNV,4
j2wLH4fBoVF7rJK0ks5t,4
J8pdGbHyWis9ToawOIMA,4
Ki1pYrmszFSjuWUvHIqk,4
l387nbiI4TU9LNMQt1Fe,4
lcqv9STBAX20houtQnR3,4
Lf5U8qioZ9yOkjrGT37A,4
0qjuDC7Rhx9rHkLlItAp,5
1IpWLz6eyhVxDAfQMKEd,5
1KB3Z7gd5aN4Xmx8W0sf,5
2aHfrLhcPTj5GnFZXUCN,5
2pwjzv6eGEb8QmHPfxSc,5
2qAtoGOuMQZdmH3y7bEY,5
3m8kb5ILPrHcMC1o9Nht,5
3zZpqyclD9B2v5Qas18m,5
40KRbGeQZ8PwcUgt5joa,5
4UTMdcZkxzLvwygO8EuK,5
5tMCNKDogQ2x7zwUbpcZ,5
7cyYPthi5KmvXEs2NkRj,5
8wm2jYBqV30okUMfuDCd,5
AeCXyFRcU2SsgvVTpMzi,5
asKPnzUXjShMc0Tl6Wge,5
b59dlNEacoYUAyeR4Ipq,5
B6dzEY3kKIn8me9McfGg,5
bGPHZFpAL3N957064wzj,5
BKXtxeYlLsprabEWIQhn,5
cIojVJGQOtrL0S1ApeDY,5
CRrAOvzk452LVZIGMWsq,5
cYb4XuNSqOA9IFLHseG1,5
DEyOUKzN2g8suv96eYoC,5
Dj3FqX9IAHco2tG1UOZS,5
dKcE7Q1zuFViSaDRUtxY,5
e2r6IncxE1LQOKFGgphj,5
EB0d2fJGLHam1tQCUDWu,5
ei0C84XpoqcAS6v5ZExI,5
epLciPaHrTu1gl4CW7Uf,5
F6nOrb9ipd0SskWuJjUw,5
FdiEeV3N8WtUSXjmcrxo,5
Fnda3PuqJT6Ep5vjOWCk,5
FsirpP0oDwXeAzC2KndG,5
fyH8oWql4rg7tEJSLpIB,5
gB105vrJPbcGCtuj7p4a,5
GbTUXFYkMoafQSe1zN94,5
GkMBlvTidr5oyYOVJCwc,5
Hc5LqZVK2yzlsb8BEfdO,5
hrguW0CqMt2mJdfvX8IB,5
hZiVAw5nREjHU1qodatK,5
i8WIr0dtVHSGMmwFlcUY,5
idjesBrKybwkzPXMalUL,5
0NXFnJyOEhBAISKfiU67,6
0q6eABpEHSbXlIzGh7jc,6
0sM2atqTo48GgnFwhQXu,6
1Nu6CWGKlM4Xgi2x9a8H,6
27c0DulJmYsz8ajZULHC,6
2eJq8SOvi1Bs4T9XNEj6,6
387RdPoyKxJIZr1YNcO6,6
3HJ4foTSEmRz6jXPwg58,6
3UBNSVDERQHw0cGdsWrq,6
4TbLDIiV9qtauMfs56QX,6
65cjJpPCUQiLDRyXfWd4,6
65ZYCsoOaNJ3fht1Dx4F,6
704DS8ZCuOtUahTQ1EYx,6
769Krhu3E0pAyvqMZ5SQ,6
7dNt3WEY0kxjshoeLAw5,6
7sNR0UFCQniz8vbhVpIo,6
7uUlDKMXZr6aQmVsLzO8,6
8FOKNb1VGi0hYnc2u4ls,6
8hkxUfgW2bHMqPjrcNLT,6
8vbY5BPnrKjZRmGASxHk,6
9dqPn4IQFJCw127aTVhp,6
9jOk8Tn5JMt4qcXmplfx,6
AaNMcn6PxdZX5lwfz8qr,6
aui4zdrRvqCP9yXQDHwT,6
br3oAnTeGyDp97XkzCOS,6
DfvPWwzumHhd5oyZc6Nx,6
dHsIFJomVwubBQYCp0K4,6
DibnkXflY49wcOpo7vyK,6
DRskLvzQ13yJfr8McnwC,6
EC82QvRNxyZOiAKhlo0V,6
eoAlNd32LZGSPItn6mTM,6
Ew2gMnUpYlyFBcIsjkDJ,6
f4hl1vpn5dxIG76VQMzL,6
f6pdT5DB7mb19JcLC2Pq,6
Fl9o1QycpzBuktRXSwx7,6
FyVRginQdtTpSj14k5hf,6
gEtM2pIuKPOxB3NXvi6n,6
gjtvRcKedfDiJ1xAk0wa,6
gpJlG45jTBiCV0ytWzOL,6
gPz42XwWbl7JVAQytYxT,6
gQePb628SxKWtsRZcFV5,6
HnCIJEd3foNTBUtSv7wK,6
hOlL91KTQSUNmYyBqApe,6
HpSJQCGdyYItqOeUuo3A,6
i7CLX9fEoxgIDnrS2Kt6,6
IlSeoJ68B1bWqwd7kvM2,6
ItFJGq4xniKuQ2BvaYOj,6
jfoOKUzAhdHWvuLeJxCN,6
K8oHqBcZmDrvwJP5UpOt,6
k9H1WjlnQPASt0mg25hB,6
18te652nLyCi3IrZqMOJ,7
1Flm7qajnOzdtwBZ29gL,7
1NiArstKkEmMf0vjDd7l,7
2xlhAE5LO8RFfczB6ep3,7
3yALVj1gQbw6HfK4WMvl,7
5KESjOTGuqF2or1sxB7H,7
7KqfVlEBOmr6tTQewNG8,7
87zKHh2vErX6McwSZQyT,7
9C7P6vDFXbryOshpKcfn,7
9yKCnSl4BGRbj2tDYVUi,7
a8hZBDrjGiMdtzSklFNV,7
adQni6wWvTPIkf0xsZy7,7
AJg4My5hRiCSOeakjtxX,7
AOVMlEpXa3N2Tj581QGc,7
AtjeimUnQDzEqb6TN8cC,7
aXnIKb9Cpyd8iPrZ4qm3,7
bE0NVYRysImfe7whcUqK,7
bMyP6iXzCaWhKGVZFqnl,7
bSKx5RYr13dPteiJFgmU,7
C7zrE8PH5XKtM4n0uYkT,7
Csx5VDwLu1Xi09GMyptQ,7
Dn4rZAFdVq6gHktTziEC,7
DwOFyEfhlGeMU2q0vbZa,7
ejWZLdoSr0vAu5JlaYUV,7
EvjemDbI86FNan4AQf2P,7
EWjvFU5GXeSaHzxBh0f9,7
EZ7FwiO2p4DCrH6SJYBT,7
FGCV8wbAuQp1HiSd7kvm,7
FhotrfvWBaGEu1sN2zSJ,7
GN8ZQjzWfKBYUtH1ehM0,7
H8sU2tgdBIyEuOr5Ke7X,7
H9tYbAiz7dZ0WsM6PEm1,7
HiXUclzIL2rEutjB74Nm,7
hmxjukz4UBqMPf9Jec6y,7
HWhSIz2mFVokMc4E7CaQ,7
i8gKknCGoFD5tzvVhEfS,7
IiMh65quz1NZmrfFd0py,7
J9fHxpesDYtIoUc8uZy2,7
jh371q0WXKwZP8gynubU,7
JrminDyluvTjfcp1wA60,7
js068WDIg1hXYHKPriod,7
jTgCQwsHRJMLbVrZYxe3,7
k2dfrliR13sGtuCTc4B7,7
K2QNGrnBZP7I5MiF9kUb,7
K5WyCRrPOn9bkGfxgY8v,7
kMDrx5LS2P864CIwNiVs,7
kN2FUugrtwA3nhWd7bBT,7
KOsC9hgvbu7QEk085FZp,7
Kvxm20yICftr8djGVqUA,7
L1o7HeFKzONsb3JvRy82,7
0wqQj9ngaAVxI4SLr5H7,8
1GmZULtOThSYEx4sNWDC,8
1sOzen4EwI3a2UkSJmT5,8
2bZlmksaBHeNDVnf9PRx,8
2d1DA6k5BE0H3MzRXv7w,8
36mPaSFkA7gVLnCbhqTt,8
5102w8Hp4TRkWbIUXSgZ,8
52HWtsPqbBSn0awgkhTe,8
57hwp1ak3T8D4msCFq9z,8
5sLXK39w4fkSzAVi1Q6U,8
6tvBurLRHc15EYh2mXba,8
6vAwsqP5nWgz9Ri0L2EJ,8
71zK8WqnBXjFkHvscDNw,8
7pLsiOtom1KAuaZx4bQF,8
9hibmvMuBATOs1Ukco0t,8
A4Gwv2fplFCVaiSbKJN0,8
A5kpVrwRnb1UKuysi6IY,8
AgVCqYNeGIc7r1TLtF96,8
AOtYk5NFbClpG7QLwfB2,8
c3Lx2VdawPgOrFQK7ElZ,8
CdJ3sjrGFOBaYTx7biRQ,8
Ck4K1y36GgmWEzZF9LHM,8
dDzqka3oCtXi6WgMuZYj,8
dlKCRHePG31OFg29TXbo,8
Dnk0O61Ic2hMxiAlY4bE,8
E9ATP2FX0oOxw1JkMQr3,8
ecVFna7rh4PBNKHoMugD,8
fC4O8EsYumjHKJlRyPno,8
FK61hsnuxXBgDiGHjvbR,8
FNlnkGrua7CObgcMqDw2,8
fZiGCdEYQJ8OVIz7sUyr,8
g32G8fcexHD0Cn76tzwJ,8
GJfln1kZ2ecOgXrv9Sht,8
gtoDIM0zURwQ6ZdLx1JN,8
HhDF2X8OmRbwZjBVQPxC,8
hjI9pimf05cxRBaKw18s,8
HqX48iTlfj6goR3JFWwG,8
hsopEiH3WtQcLxwGjNy8,8
Hu9pJxZ8iDTOElkA1ghf,8
hYlgvVbMI89qP1jruyxQ,8
ibfQ0Ms6FPkLSJdvEzW1,8
IJP4m1KraznpiCAh5OcD,8
Ip4S0Gj1kNsyRExh6J5o,8
IuXvyBcm6zkGDM3KUiCZ,8
j013oneKzBOVyiMHGa6q,8
j1bM0nfqksmQ3X5epgau,8
k5hNijdJSezp4M8gF10Q,8
KgmqlyANSkOdji1atJC7,8
kHN85Ynyi1daeoqwftmu,8
KHQJDZ7toAnaeLSifmIv,8
0B2RwKm6dq9fjUWDNIOa,9
0NZT2sFp4JKXqYGC8Rna,9
1hzZA7JPylptLbxKYOmI,9
28ndZemTJQNPv5rWl9Mq,9
2Ig4GdWcjlOLQ9YEz6aV,9
3CzXANVvEmalqJLBuWbH,9
3oA2emBxRQTkvDrVqPfL,9
3X1RZPbneqjVdBU5St4x,9
3XRWQKuC2iEaFpoLBh9z,9
4HGxlXJ8Ncy2Ri5az3o7,9
4tXefqnpIW6LbYB5oNrH,9
4XAPr8eSwWqzUlc739ZY,9
5xzgeU2r1OAauHDEjRZT,9
6WKJVBFk5INU2q7RLDhY,9
71BDWQcsLYedmu43nOSV,9
93QCNLn5FD2pueg7GdXB,9
a1K06JDLZYIT7hAezEby,9
a2OvLp5VbA67WKHq0ykc,9
AeZvV9subzRmODWTjrh0,9
ALXK3Sxdgf89aO7w4e0k,9
AmcBv7pybtl9szISEoGi,9
bcygaiFVYIRLd7GOsP8t,9
BewAOSD3I9tH0s2VLrca,9
bVcKdzrpsCQt6HTIhRSe,9
C1E8oxt6VhKuSUIjap2P,9
cC8jta0FUZlhIGSXmBHf,9
CdYceuLQB6SEz03mNGbD,9
d7HGcZnuRPhQ0XBvTt6x,9
d9HvRYX1U7fGL0cEieVw,9
db03PLecsviEz6TMZCSn,9
DnJFtCH7gTMIvWYlAxcN,9
DoVLn5KN3BZeMrzPCmhT,9
DUVqFkRTd3MnipSGWgbX,9
DWnB8cNMprEmkXTtHu9O,9
EatXZFY1SyHpxTDVg5nv,9
Fhdbq2nojZ3pKWlHgrIQ,9
fvbowPJXxAKQsVt7MiRL,9
fVOvT0rd2otz9GKZBX1F,9
GkQctIpwN58dSs4O7UhY,9
GOEKlWF9DoZ7Y13rJ8ia,9
GRXZaphsokTrql4u2xMd,9
IBenwH2i7GYhgyKVt9Q0,9
iLj1Bfr4dYOp5RsoZmk8,9
iOgu76c1IdGrQeRDTlPw,9
izS2yBV3Z4nKch5OmAuo,9
j5q9Z8uCLzcFGHpA7l4x,9
JaxoikOjnRvIHFAzBMUD,9
JlD2LoRumXEViyUT71PF,9
JNGf3qzH2oLvBXDSM6Fp,9
jpuZmMoSd7h9rInsUy8c,9
